,xs,ys,label
0,39.08304977416992,-14.738653182983398,38
1,15.471652030944824,2.4112067222595215,21
2,-22.979839324951172,20.654264450073242,7
3,-15.404990196228027,8.57574462890625,2
4,38.87696075439453,11.279111862182617,5
5,37.367454528808594,-15.461374282836914,38
6,3.64105224609375,-26.408374786376953,22
7,34.096153259277344,11.21823787689209,5
8,-0.5760207772254944,-26.356801986694336,16
9,-21.963632583618164,-5.037165641784668,2
10,-8.600407600402832,-3.5385048389434814,10
11,-18.336769104003906,32.130104064941406,6
12,-15.043569564819336,13.388235092163086,7
13,-21.376365661621094,26.54449462890625,8
14,18.526851654052734,-32.92801284790039,14
15,5.110196113586426,-23.61667251586914,17
16,-19.11492347717285,10.75783634185791,0
17,14.112932205200195,-33.013980865478516,13
18,-32.11473846435547,-6.631561756134033,29
19,34.524112701416016,-12.968353271484375,37
20,9.379185676574707,23.87661361694336,26
21,-20.412790298461914,18.463542938232422,7
22,-36.05906677246094,3.0934009552001953,9
23,4.110776424407959,-25.67999839782715,22
24,13.78487777709961,-26.838232040405273,17
25,14.472536087036133,31.12982749938965,21
26,-16.982698440551758,2.100985288619995,0
27,10.302581787109375,12.17542552947998,24
28,-37.91537094116211,1.632644772529602,9
29,-15.058626174926758,-6.329320907592773,18
30,10.540093421936035,11.338217735290527,32
31,6.73249626159668,-26.24382209777832,22
32,-5.90640926361084,-9.697929382324219,18
33,3.5498404502868652,-18.94956398010254,26
34,5.869970798492432,6.264084339141846,26
35,14.638894081115723,-27.193431854248047,17
36,10.621959686279297,-2.7364327907562256,32
37,-23.494565963745117,-12.70058536529541,27
38,-37.19919204711914,-22.961313247680664,28
39,-5.513779640197754,22.19998550415039,31
40,36.639286041259766,9.644421577453613,5
41,38.65447998046875,7.033985137939453,3
42,12.024535179138184,-8.61217975616455,30
43,-4.786813735961914,-14.091461181640625,18
44,-25.408180236816406,-23.607179641723633,1
45,-2.448058605194092,27.606595993041992,31
46,-23.421083450317383,-7.010982513427734,1
47,19.937589645385742,9.897734642028809,12
48,30.307771682739258,11.077916145324707,4
49,-2.353510618209839,31.15245246887207,12
50,12.93389892578125,-1.9723920822143555,30
51,-2.3024604320526123,27.75571060180664,26
52,12.057560920715332,11.317416191101074,17
53,-7.0770583152771,-9.430817604064941,10
54,-13.581769943237305,15.988385200500488,7
55,-29.084453582763672,6.78865385055542,11
56,23.594409942626953,-6.416511058807373,13
57,10.773731231689453,29.050508499145508,15
58,-9.323100090026855,-6.277011871337891,9
59,31.484487533569336,12.662493705749512,4
60,12.775407791137695,-30.101009368896484,13
61,16.38651466369629,-31.814491271972656,14
62,-23.957454681396484,-13.513081550598145,1
63,-37.86594772338867,-0.3940463066101074,9
64,17.00457763671875,11.678107261657715,15
65,8.446063995361328,-15.347261428833008,24
66,-9.390341758728027,-1.079281210899353,25
67,35.369110107421875,12.613750457763672,5
68,11.965142250061035,33.12947082519531,21
69,14.399181365966797,22.14088249206543,32
70,17.877065658569336,14.520686149597168,15
71,5.38162899017334,14.716029167175293,33
72,3.409240961074829,-18.246410369873047,26
73,9.621359825134277,23.575363159179688,26
74,-19.10162353515625,12.317890167236328,2
75,10.334383964538574,-2.507606029510498,24
76,13.923771858215332,-32.561981201171875,13
77,-36.85379409790039,-6.795419216156006,19
78,-34.96006774902344,-16.543136596679688,29
79,-13.426188468933105,18.732635498046875,8
80,-23.32334327697754,24.307395935058594,8
81,14.266680717468262,-37.6111946105957,13
82,-26.048206329345703,-23.572887420654297,1
83,21.517711639404297,-3.5011584758758545,13
84,4.846142768859863,-3.041104793548584,26
85,-30.97795295715332,3.2263901233673096,9
86,18.946308135986328,-23.634002685546875,12
87,-17.240589141845703,0.4657418429851532,0
88,35.458106994628906,13.962679862976074,4
89,12.53796672821045,-4.7562994956970215,30
90,6.012964725494385,-24.865718841552734,22
91,-33.70011520385742,-10.91804313659668,29
92,12.886246681213379,-12.51656436920166,21
93,-23.5550594329834,-6.967229843139648,1
94,-0.5937057733535767,23.206438064575195,32
95,13.530141830444336,-31.787086486816406,13
96,-6.225541591644287,-6.480700492858887,18
97,-19.29669761657715,12.2271089553833,2
98,17.1876277923584,-31.52100372314453,14
99,16.811859130859375,-5.103494644165039,15
100,32.706172943115234,-14.281044960021973,37
101,44.523353576660156,8.05485725402832,3
102,-38.28105926513672,-22.883726119995117,28
103,-9.451611518859863,-1.6043492555618286,25
104,-25.674684524536133,-24.620845794677734,1
105,5.9093217849731445,17.68587303161621,33
106,1.554673194885254,-26.96139907836914,22
107,-2.6417276859283447,-26.21546745300293,16
108,-18.320878982543945,30.70075798034668,6
109,-19.853168487548828,30.30127716064453,6
110,16.81720542907715,12.67946720123291,15
111,-8.110974311828613,-19.906301498413086,10
112,-22.692657470703125,0.5916139483451843,27
113,-7.994052410125732,14.733256340026855,34
114,-18.620681762695312,11.934639930725098,0
115,-36.70509338378906,-22.503149032592773,28
116,6.412621974945068,-23.159704208374023,23
117,15.845187187194824,-37.02299499511719,14
118,30.164634704589844,-15.338069915771484,37
119,11.391185760498047,19.246389389038086,26
120,44.05440139770508,7.505574703216553,3
121,-31.598697662353516,4.050144195556641,9
122,-4.366457462310791,24.9748592376709,31
123,-13.665244102478027,24.952774047851562,6
124,-36.072906494140625,-20.32039451599121,28
125,-22.34109115600586,-8.044898986816406,2
126,-15.731001853942871,-2.7313318252563477,34
127,-34.178070068359375,-19.595577239990234,27
128,-7.562237739562988,15.613677024841309,34
129,13.497623443603516,11.8650541305542,23
130,34.706268310546875,14.663211822509766,4
131,-11.407355308532715,-18.713085174560547,20
132,12.370227813720703,-33.65733337402344,13
133,9.98930835723877,6.293765068054199,32
134,-37.8838005065918,-22.496089935302734,28
135,-20.998300552368164,29.001623153686523,6
136,36.08557891845703,16.373655319213867,5
137,15.654692649841309,9.442031860351562,13
138,5.79323148727417,6.49431848526001,26
139,35.238731384277344,-16.56399154663086,38
140,15.123608589172363,1.1852856874465942,21
141,3.559516429901123,31.077234268188477,32
142,46.632572174072266,-12.983695030212402,36
143,2.6573171615600586,-22.319671630859375,16
144,-1.8408799171447754,-26.535585403442383,16
145,-31.749454498291016,4.071019649505615,9
146,43.22937774658203,-20.29863929748535,37
147,-34.98571014404297,-10.910128593444824,29
148,0.27823755145072937,31.047460556030273,23
149,36.519412994384766,6.42807674407959,3
150,19.389387130737305,-21.84200096130371,12
151,13.533981323242188,-36.761959075927734,13
152,-31.05305290222168,3.6349759101867676,9
153,36.607948303222656,8.182738304138184,3
154,10.096712112426758,29.364299774169922,15
155,2.872255802154541,-24.794414520263672,22
156,8.775510787963867,-2.44413161277771,23
157,6.449404239654541,6.206742763519287,16
158,-33.084835052490234,-15.754077911376953,27
159,7.575199604034424,4.628688812255859,22
160,11.142144203186035,23.985483169555664,24
161,-0.4865679144859314,-27.100475311279297,16
162,32.98427963256836,11.565770149230957,4
163,-22.110422134399414,-4.887490749359131,2
164,18.908334732055664,-23.696840286254883,12
165,-36.34529495239258,9.718329429626465,25
166,-1.4178578853607178,-30.56424331665039,13
167,37.764095306396484,-16.927453994750977,38
168,-12.084349632263184,-21.044429779052734,25
169,0.5819889903068542,19.6469783782959,35
170,-37.033714294433594,-21.922744750976562,28
171,42.67893600463867,-15.802165985107422,36
172,-35.75382614135742,-18.256803512573242,28
173,-14.493605613708496,9.489802360534668,2
174,10.746307373046875,33.69110870361328,21
175,11.340104103088379,-4.90034818649292,24
176,37.364559173583984,10.413520812988281,5
177,5.470037937164307,16.696792602539062,33
178,11.420430183410645,26.432605743408203,23
179,-21.380168914794922,-4.801730155944824,0
180,32.50230026245117,7.176753520965576,5
181,14.219361305236816,-37.63824462890625,13
182,-24.25243377685547,-14.356053352355957,28
183,43.86848449707031,-19.07634162902832,37
184,13.021203994750977,-1.6158007383346558,30
185,36.48075866699219,-18.991867065429688,36
186,45.65214157104492,-14.651708602905273,36
187,-32.057193756103516,-11.654787063598633,27
188,19.507356643676758,8.925765037536621,12
189,-5.302974224090576,-19.377302169799805,10
190,1.149574875831604,-22.84019660949707,16
191,-5.650425910949707,21.994844436645508,31
192,9.122925758361816,26.873790740966797,24
193,-4.149346351623535,-13.558226585388184,10
194,3.3467259407043457,-26.788423538208008,22
195,4.710977077484131,-0.42897748947143555,26
196,-7.578785419464111,-16.818883895874023,18
197,-13.065912246704102,19.21860694885254,8
198,-36.05051040649414,1.7681933641433716,9
199,18.532176971435547,-32.02388000488281,14
200,3.4472286701202393,16.78095817565918,35
201,-9.036538124084473,-5.395932674407959,11
202,-0.6456279158592224,18.265626907348633,35
203,3.3939731121063232,21.462820053100586,33
204,17.840076446533203,14.805609703063965,15
205,-26.748804092407227,-23.84152603149414,1
206,5.183784484863281,-19.441370010375977,31
207,-25.756181716918945,-23.76900863647461,1
208,18.423479080200195,6.463015079498291,12
209,-9.574464797973633,-5.267298221588135,10
210,3.031191825866699,13.750439643859863,33
211,18.66774559020996,-31.834125518798828,14
212,-38.22602462768555,1.7256760597229004,9
213,3.994772434234619,-17.26616096496582,24
214,-4.4589080810546875,-19.16241455078125,10
215,-38.540767669677734,-4.5684733390808105,19
216,13.7361478805542,13.399697303771973,22
217,-12.622610092163086,18.545930862426758,8
218,12.050745010375977,-23.97882843017578,17
219,-40.318233489990234,-2.0455219745635986,19
220,9.957202911376953,9.715275764465332,32
221,5.1477580070495605,8.279947280883789,26
222,-16.007793426513672,9.001537322998047,0
223,-26.317012786865234,-15.795377731323242,28
224,-16.932008743286133,5.591912269592285,0
225,-9.89820671081543,-17.498674392700195,19
226,5.331230163574219,-19.30118751525879,31
227,4.8903961181640625,-3.0993945598602295,26
228,-13.544896125793457,23.45284652709961,6
229,-19.64950180053711,16.782268524169922,0
230,5.739546298980713,-18.468544006347656,31
231,-0.1481117457151413,22.067893981933594,33
232,-30.15876579284668,3.843536138534546,15
233,8.573433876037598,22.05674934387207,31
234,19.938682556152344,4.882424831390381,12
235,-5.580087184906006,-5.656489372253418,18
236,22.180177688598633,-1.7651997804641724,17
237,-18.05482292175293,2.905491590499878,0
238,-16.390195846557617,-3.2225236892700195,27
239,15.987751007080078,10.618762016296387,17
240,-24.926963806152344,25.080354690551758,8
241,-33.715789794921875,-13.438166618347168,27
242,-26.35557746887207,-17.611156463623047,28
243,1.8231927156448364,17.572532653808594,35
244,4.1955671310424805,-25.402563095092773,22
245,45.16367721557617,-14.343790054321289,36
246,-32.852848052978516,-6.108592987060547,29
247,-26.36557960510254,-23.251880645751953,1
248,16.403207778930664,27.867036819458008,12
249,-37.04287338256836,0.10532300919294357,9
250,34.595863342285156,16.656713485717773,4
251,14.881174087524414,-20.860319137573242,15
252,43.784156799316406,-20.639814376831055,37
253,43.94076156616211,-20.469131469726562,37
254,8.429586410522461,29.28877830505371,32
255,17.807010650634766,-28.66526985168457,14
256,-44.87621307373047,7.593990325927734,19
257,12.195942878723145,-23.865015029907227,17
258,-1.2471953630447388,-16.487150192260742,20
259,-20.670209884643555,18.96245002746582,7
260,-1.2628657817840576,-27.364458084106445,16
261,-24.16108512878418,26.882266998291016,8
262,8.177419662475586,0.2214510291814804,23
263,3.944166660308838,-0.15867255628108978,26
264,-2.6961047649383545,-27.419456481933594,16
265,13.948179244995117,21.708660125732422,32
266,-18.000272750854492,31.57021141052246,6
267,-24.14590835571289,-14.522704124450684,29
268,20.19293212890625,5.041853427886963,12
269,-6.813473224639893,11.562037467956543,34
270,5.515552520751953,33.296451568603516,15
271,19.66705894470215,22.87220001220703,21
272,-21.06586265563965,21.262548446655273,7
273,-1.760443091392517,-25.786191940307617,16
274,43.89386749267578,-13.58357048034668,36
275,14.497231483459473,31.100452423095703,21
276,-28.04172706604004,-21.83381462097168,1
277,-40.3973274230957,7.549996852874756,25
278,2.631086587905884,31.039958953857422,24
279,-28.190988540649414,6.575891017913818,11
280,20.666982650756836,-1.7160050868988037,17
281,13.244339942932129,-33.97418212890625,13
282,-7.632041931152344,-16.812761306762695,18
283,13.547380447387695,-12.680249214172363,21
284,-29.827373504638672,10.949424743652344,11
285,-16.153270721435547,-7.186600208282471,20
286,-2.6602842807769775,-27.79487419128418,16
287,4.8435797691345215,-0.5004605650901794,26
288,-12.672674179077148,-19.18587303161621,20
289,2.2481820583343506,-27.07121467590332,22
290,32.003456115722656,13.678906440734863,4
291,-19.984262466430664,29.941030502319336,6
292,-15.250804901123047,6.5015339851379395,2
293,33.97307586669922,15.04936408996582,4
294,6.91287088394165,34.19415283203125,12
295,11.09298038482666,19.46226692199707,26
296,3.483992338180542,21.313669204711914,33
297,13.690325736999512,-1.7901999950408936,30
298,-13.63441276550293,25.332216262817383,6
299,-21.14536476135254,28.401092529296875,6
300,-25.007408142089844,-15.22387981414795,29
301,12.119420051574707,-24.888898849487305,17
302,2.76181960105896,30.67634391784668,32
303,33.1528434753418,-17.849990844726562,38
304,-30.210607528686523,-12.388517379760742,27
305,-33.963558197021484,11.473733901977539,18
306,-7.3862223625183105,-19.508098602294922,10
307,19.75558090209961,21.83025550842285,21
308,-3.5942721366882324,13.30521011352539,35
309,-28.570194244384766,7.635796070098877,25
310,-16.600852966308594,2.5317492485046387,2
311,36.72641372680664,11.971951484680176,4
312,-17.968992233276367,0.7456119656562805,0
313,-9.542203903198242,11.285012245178223,33
314,15.964585304260254,-30.03423309326172,14
315,37.2306022644043,6.47265625,3
316,20.40068244934082,-2.3477587699890137,17
317,7.70728874206543,-9.819254875183105,23
318,1.3986127376556396,-26.117650985717773,22
319,44.525299072265625,7.783796310424805,3
320,-20.316579818725586,28.85702133178711,6
321,-26.342960357666016,-16.0336971282959,28
322,12.523216247558594,32.745365142822266,21
323,-34.13525390625,-18.47368049621582,27
324,-0.184408500790596,20.110017776489258,35
325,-14.634389877319336,-1.5197505950927734,34
326,-27.342239379882812,-17.074113845825195,29
327,-22.595077514648438,-8.566740036010742,2
328,17.35517692565918,-27.34367561340332,14
329,-10.660863876342773,13.112688064575195,34
330,40.16347122192383,-12.76306438446045,38
331,15.051090240478516,25.642454147338867,15
332,13.798372268676758,-34.21726989746094,13
333,-13.56671142578125,16.705944061279297,7
334,-36.077293395996094,-19.869482040405273,28
335,-44.02939987182617,4.631288528442383,18
336,2.918919324874878,-26.914058685302734,22
337,-11.947486877441406,-5.595691680908203,18
338,32.543922424316406,12.16158676147461,4
339,-34.528873443603516,-10.83971118927002,29
340,-44.472801208496094,4.314603328704834,11
341,35.12616729736328,10.152634620666504,5
342,-32.990108489990234,-8.422567367553711,29
343,-21.07763671875,20.392011642456055,7
344,-19.180063247680664,15.690558433532715,0
345,8.885629653930664,20.846668243408203,20
346,4.864870548248291,31.611555099487305,24
347,-32.772159576416016,-15.137288093566895,27
348,-3.959165573120117,16.994428634643555,35
349,2.5798213481903076,-16.909873962402344,24
350,20.102144241333008,3.688045024871826,12
351,6.029758453369141,-23.55824089050293,23
352,-12.443049430847168,-18.412118911743164,20
353,-44.61616134643555,7.285123825073242,25
354,-21.1346435546875,24.750978469848633,7
355,32.542152404785156,7.168797016143799,5
356,38.137176513671875,14.126712799072266,4
357,38.33099365234375,12.463534355163574,5
358,34.2383918762207,-17.919588088989258,38
359,-6.551781177520752,-6.892550945281982,10
360,23.755598068237305,-7.1501383781433105,14
361,-12.866964340209961,-18.462575912475586,20
362,8.23684024810791,30.75984001159668,30
363,44.042022705078125,8.349418640136719,3
364,0.06945093721151352,16.672243118286133,35
365,-22.363985061645508,2.604217052459717,34
366,45.90132522583008,-14.609106063842773,36
367,31.554630279541016,-16.70991325378418,37
368,-19.960569381713867,27.434009552001953,7
369,-15.364195823669434,-6.442938804626465,19
370,-33.337284088134766,10.538349151611328,18
371,-4.0182318687438965,-15.86180305480957,18
372,-9.769251823425293,-17.42283058166504,19
373,4.8199639320373535,-20.085084915161133,31
374,-26.06107521057129,-23.057823181152344,1
375,3.618180751800537,33.73772430419922,23
376,-17.272111892700195,1.512566328048706,0
377,42.8780403137207,8.853169441223145,3
378,-31.83099365234375,2.3866493701934814,9
379,-18.635047912597656,30.340486526489258,6
380,-38.99812698364258,8.885502815246582,25
381,-2.1963117122650146,30.04511833190918,12
382,-34.74436950683594,7.9034223556518555,10
383,-7.907787799835205,-4.2970123291015625,16
384,-22.063796997070312,1.6590523719787598,34
385,45.0722770690918,7.447033882141113,3
386,-8.637995719909668,-17.91167449951172,19
387,19.668851852416992,11.796919822692871,12
388,-34.38508987426758,4.9276123046875,9
389,36.924705505371094,7.143641948699951,3
390,-38.33848190307617,1.4913803339004517,9
391,17.102949142456055,20.74946403503418,30
392,18.98468017578125,-8.519880294799805,15
393,-30.739660263061523,-13.520716667175293,27
394,-13.775800704956055,24.291105270385742,6
395,11.337522506713867,23.999177932739258,24
396,-34.9390983581543,3.1867644786834717,9
397,-38.89940643310547,-23.39756202697754,28
398,-41.60476303100586,-2.7465386390686035,19
399,-4.317287921905518,25.810611724853516,31
400,-32.23128128051758,4.459878444671631,9
401,32.1103515625,8.834796905517578,4
402,-28.994213104248047,8.140043258666992,19
403,-34.211021423339844,4.860346794128418,9
404,35.96757507324219,15.501973152160645,5
405,35.06191635131836,-16.5325927734375,38
406,-19.312976837158203,11.695547103881836,2
407,-14.056726455688477,-19.138519287109375,20
408,-2.645075559616089,31.459197998046875,12
409,-6.87302827835083,-19.01003074645996,10
410,31.591899871826172,14.748784065246582,4
411,-25.464252471923828,-15.04526138305664,1
412,-3.0826706886291504,-15.8745698928833,18
413,11.900249481201172,-9.090715408325195,30
414,1.5816317796707153,-24.77261734008789,22
415,36.55441665649414,10.669830322265625,5
416,-1.580239176750183,17.72245216369629,35
417,13.883143424987793,-33.32683181762695,13
418,-6.995988845825195,-5.627542495727539,10
419,37.1657600402832,10.395538330078125,5
420,-36.32701110839844,7.743538856506348,10
421,13.455021858215332,17.058481216430664,22
422,43.143192291259766,-17.441551208496094,38
423,32.89725112915039,-14.7515230178833,37
424,16.035058975219727,-32.29257583618164,14
425,10.219205856323242,12.131258010864258,24
426,-23.861047744750977,-15.320961952209473,28
427,17.133760452270508,-30.635427474975586,14
428,16.385608673095703,5.676196098327637,21
429,-38.47491455078125,-23.937219619750977,28
430,-33.904178619384766,-7.690243244171143,29
431,31.274368286132812,-16.67112922668457,37
432,-40.36482238769531,-4.175802230834961,19
433,-42.85396957397461,6.068536758422852,25
434,-16.757904052734375,2.973527669906616,2
435,-17.39904022216797,0.9977034330368042,0
436,32.128257751464844,8.686635971069336,4
437,14.559765815734863,25.623889923095703,15
438,17.85317039489746,15.943978309631348,15
439,39.14365005493164,6.890639305114746,3
440,-38.455501556396484,1.9503122568130493,9
441,15.639674186706543,19.252819061279297,24
442,-34.87062072753906,-11.393099784851074,29
443,-0.7001071572303772,-25.908945083618164,16
444,32.98699951171875,8.147209167480469,5
445,-26.51459503173828,2.1522958278656006,25
446,-2.4909675121307373,29.147159576416016,15
447,43.787086486816406,-16.27295684814453,36
448,10.045159339904785,-14.10237979888916,30
449,-10.73171615600586,2.3831756114959717,11
450,-25.379669189453125,-24.226045608520508,1
451,11.316797256469727,33.391937255859375,21
452,21.506641387939453,-3.7428317070007324,13
453,5.897509574890137,5.280824184417725,26
454,-37.09453201293945,6.898409843444824,11
455,44.4243278503418,-19.13939666748047,37
456,32.43149185180664,-16.864290237426758,37
457,-36.98786163330078,8.27953052520752,19
458,29.463916778564453,9.78858757019043,5
459,-20.13579750061035,27.24273109436035,7
460,4.790442943572998,18.000442504882812,33
461,-21.7432861328125,-5.747095108032227,2
462,-31.206432342529297,-9.205488204956055,27
463,-32.45389938354492,-8.248859405517578,29
464,2.924938678741455,30.753124237060547,32
465,13.38180923461914,-35.746028900146484,13
466,-3.5155818462371826,-18.07879066467285,10
467,16.24911117553711,6.646648406982422,21
468,-25.468677520751953,2.911787509918213,20
469,-33.567481994628906,-16.261892318725586,27
470,-14.04622745513916,27.10374641418457,6
471,-38.540184020996094,-22.98780632019043,28
472,43.314090728759766,-20.274112701416016,37
473,13.723180770874023,-28.95492935180664,14
474,-2.9397659301757812,15.25992488861084,35
475,13.516423225402832,-30.283878326416016,13
476,-14.317038536071777,10.767159461975098,0
477,-8.790688514709473,10.021625518798828,34
478,17.89665412902832,-33.83250427246094,14
479,18.900833129882812,-24.289169311523438,12
480,12.976123809814453,13.368284225463867,23
481,5.234006404876709,7.195034503936768,26
482,-38.3902702331543,1.5635018348693848,9
483,4.789194583892822,14.693140983581543,33
484,46.53512954711914,-13.102450370788574,36
485,40.13652801513672,-18.097139358520508,36
486,-22.712207794189453,25.65096664428711,6
487,2.438495397567749,-26.482229232788086,22
488,45.152591705322266,-13.445216178894043,36
489,11.458518028259277,-27.980684280395508,17
490,-11.219789505004883,-20.974843978881836,10
491,36.41142272949219,11.686319351196289,4
492,45.60360336303711,-13.7848482131958,36
493,-31.692584991455078,10.751683235168457,11
494,7.49740743637085,7.032008647918701,24
495,16.75436782836914,20.081707000732422,30
496,-18.13322639465332,31.24285888671875,6
497,9.258934020996094,7.941676616668701,24
498,-18.776905059814453,14.40556526184082,2
499,-34.5093879699707,9.570064544677734,25
500,-4.5952582359313965,25.909961700439453,31
501,16.335105895996094,-33.07133102416992,14
502,-35.92461013793945,9.6504545211792,25
503,40.04002380371094,8.644691467285156,3
504,7.0871734619140625,25.330093383789062,31
505,31.95071792602539,-16.899019241333008,37
506,-37.57814025878906,-22.033926010131836,28
507,-25.759485244750977,-20.897695541381836,1
508,-32.46126174926758,-9.430329322814941,27
509,4.938141345977783,8.069695472717285,26
510,-6.704595565795898,11.676863670349121,34
511,2.7818167209625244,-17.044391632080078,24
512,11.708342552185059,-12.14687728881836,30
513,7.610868453979492,-3.926971673965454,22
514,-22.151201248168945,-6.954895973205566,2
515,-34.27644348144531,5.412498950958252,9
516,21.382383346557617,-1.9546012878417969,17
517,-19.179080963134766,30.918283462524414,6
518,6.079788684844971,32.76461410522461,15
519,-37.052066802978516,-21.415571212768555,28
520,-39.53153991699219,-3.510829448699951,19
521,-31.066452026367188,0.6700220704078674,9
522,-30.148719787597656,1.3947055339813232,9
523,-26.787433624267578,-17.540273666381836,28
524,-10.691488265991211,13.078160285949707,34
525,-8.89107894897461,-5.036141395568848,11
526,32.770511627197266,13.961050033569336,4
527,-23.215322494506836,24.609434127807617,8
528,12.501330375671387,-25.87598991394043,17
529,-9.380194664001465,9.182443618774414,34
530,2.039036989212036,24.855913162231445,33
531,16.65422248840332,26.777917861938477,12
532,33.02900695800781,14.904301643371582,4
533,4.516092777252197,34.181495666503906,23
534,7.100743293762207,1.524872064590454,22
535,45.75152587890625,3.6346020698547363,3
536,2.6735663414001465,14.260738372802734,33
537,14.33988094329834,31.29155921936035,21
538,-11.504293441772461,-18.516979217529297,20
539,-18.615999221801758,31.510244369506836,6
540,22.19403839111328,-1.7210392951965332,17
541,38.21868133544922,-18.517169952392578,36
542,29.392860412597656,9.647534370422363,5
543,38.527156829833984,11.890019416809082,5
544,16.990224838256836,26.673723220825195,12
545,-27.24211883544922,-10.28573226928711,19
546,20.524232864379883,12.441125869750977,12
547,-33.426231384277344,7.487257480621338,16
548,-24.58623504638672,24.892581939697266,8
549,20.250320434570312,10.956347465515137,12
550,-34.303565979003906,-13.464173316955566,27
551,-22.063201904296875,-5.306717395782471,2
552,7.22600793838501,25.985458374023438,31
553,33.749908447265625,-17.305904388427734,38
554,8.168074607849121,-20.97324562072754,23
555,-13.58417797088623,24.98860740661621,6
556,32.42514419555664,9.342803955078125,4
557,-31.931949615478516,-12.103313446044922,27
558,-30.49353790283203,-11.538581848144531,27
559,-5.7732415199279785,-5.753359317779541,18
560,1.4676438570022583,19.59937286376953,35
561,3.7862884998321533,31.079879760742188,32
562,-17.690231323242188,3.4166808128356934,2
563,37.094879150390625,-15.418949127197266,38
564,12.192585945129395,-29.574766159057617,13
565,13.728918075561523,22.2142333984375,32
566,-21.647178649902344,22.83511734008789,7
567,10.081879615783691,-7.71356725692749,32
568,-22.116165161132812,-4.168086528778076,2
569,-22.6390380859375,0.6474167108535767,27
570,-5.70697021484375,-5.827769756317139,18
571,-21.389617919921875,24.34193992614746,7
572,4.523465633392334,-3.922236442565918,26
573,-1.3853960037231445,-30.4898624420166,13
574,12.411197662353516,-6.725855827331543,30
575,38.83351516723633,-13.309226036071777,38
576,31.501707077026367,15.011993408203125,4
577,-30.280845642089844,-12.76284408569336,27
578,-24.957460403442383,-16.141481399536133,28
579,11.615579605102539,19.692626953125,26
580,14.13884449005127,-24.781827926635742,17
581,16.38029670715332,27.843372344970703,12
582,-40.64301300048828,5.619091987609863,19
583,7.142671585083008,-18.935739517211914,16
584,1.852659821510315,17.6425724029541,35
585,16.02814292907715,18.75666046142578,24
586,-14.07964038848877,11.274916648864746,2
587,45.46543884277344,-15.220970153808594,36
588,-9.522039413452148,-6.91502046585083,9
589,-5.013484954833984,-0.7414265871047974,18
590,17.178760528564453,19.02070426940918,30
591,19.37822914123535,23.26948356628418,21
592,37.452335357666016,-15.088103294372559,38
593,-22.513696670532227,21.48883628845215,7
594,-2.9384119510650635,27.459430694580078,31
595,-20.29206085205078,26.02938461303711,7
596,32.91844177246094,-15.85270881652832,37
597,-13.559697151184082,23.76034927368164,6
598,10.056632041931152,7.69832181930542,32
599,-41.37761306762695,4.521720886230469,19
600,-10.562114715576172,-10.48958683013916,20
601,-22.468334197998047,-14.295767784118652,20
602,21.962890625,-3.754685878753662,13
603,-15.291102409362793,6.966684818267822,2
604,-6.218806266784668,-7.339880466461182,20
605,-3.2574751377105713,-27.448945999145508,16
606,8.974884033203125,-15.581594467163086,26
607,-25.697309494018555,2.6816792488098145,20
608,18.414812088012695,-32.06930923461914,14
609,15.132418632507324,-32.659576416015625,14
610,-2.45835542678833,17.910663604736328,35
611,-10.688566207885742,2.3189470767974854,11
612,-20.991758346557617,20.559661865234375,7
613,1.1188359260559082,-26.255441665649414,22
614,15.7119140625,22.034297943115234,30
615,-26.169754028320312,1.632150411605835,11
616,17.410429000854492,-22.10269546508789,12
617,4.21432638168335,-26.067729949951172,22
618,-9.438203811645508,-1.523118019104004,25
619,-37.00767517089844,8.286320686340332,20
620,-22.084060668945312,-6.014791011810303,2
621,-14.489041328430176,-19.093305587768555,20
622,36.87248229980469,-16.24932289123535,38
623,-22.690458297729492,6.478734493255615,25
624,-7.258787155151367,-20.0878849029541,10
625,36.26856994628906,-14.6618013381958,38
626,-26.346281051635742,-24.63144874572754,1
627,15.929909706115723,16.084449768066406,12
628,40.88353729248047,7.713321685791016,3
629,35.24781036376953,-12.75046443939209,38
630,-14.21549129486084,-18.40169906616211,20
631,1.4323441982269287,29.403902053833008,32
632,-21.667476654052734,17.736082077026367,8
633,-4.308394432067871,-15.760509490966797,18
634,-5.281401634216309,-16.393186569213867,18
635,-21.850400924682617,-4.670563220977783,2
636,-34.14956283569336,-9.837080955505371,29
637,-25.421001434326172,25.100215911865234,8
638,45.4642448425293,4.3953447341918945,3
639,13.775874137878418,-10.381392478942871,21
640,-19.564279556274414,11.128589630126953,2
641,31.342973709106445,-14.742204666137695,37
642,-1.9806182384490967,-17.974090576171875,10
643,-22.047887802124023,21.704994201660156,7
644,-15.59717082977295,-6.681447982788086,20
645,2.375037431716919,-26.12325096130371,22
646,-14.678451538085938,-2.39184832572937,34
647,-29.987682342529297,8.58975601196289,19
648,-21.527467727661133,21.89276123046875,7
649,15.107331275939941,1.1497807502746582,21
650,-37.309810638427734,-0.31789064407348633,9
651,11.224720001220703,-3.656755208969116,26
652,-10.119297981262207,13.733166694641113,34
653,-27.498153686523438,-17.51930046081543,1
654,-15.52774429321289,-18.77312469482422,20
655,-43.73175811767578,4.604308128356934,18
656,-4.906589031219482,23.19358253479004,31
657,-27.168684005737305,-22.08577537536621,1
658,4.143741607666016,33.66891098022461,23
659,13.561441421508789,12.967646598815918,22
660,13.559547424316406,-23.627277374267578,15
661,4.066736221313477,33.68709945678711,23
662,39.32986068725586,6.651816368103027,3
663,-13.733820915222168,17.877716064453125,8
664,-33.89166259765625,9.0733003616333,25
665,46.174949645996094,-14.841687202453613,36
666,11.660439491271973,26.531349182128906,23
667,-14.572192192077637,8.598356246948242,2
668,14.036020278930664,-21.287752151489258,15
669,8.621142387390137,21.758115768432617,31
670,1.713443398475647,-17.015501022338867,24
671,3.6283507347106934,-17.165422439575195,24
672,15.622554779052734,20.52880096435547,32
673,16.740461349487305,12.595768928527832,15
674,14.716508865356445,-32.0267448425293,13
675,20.12051010131836,3.6250510215759277,12
676,-6.767803192138672,27.023523330688477,19
677,-26.840200424194336,-16.092649459838867,28
678,30.96244239807129,-16.078502655029297,37
679,-32.50600051879883,-14.114891052246094,27
680,19.20316505432129,6.8443756103515625,12
681,7.686496734619141,-3.2244741916656494,22
682,-35.156333923339844,-17.88372802734375,29
683,-4.295846939086914,12.195845603942871,33
684,-35.07147979736328,-15.320785522460938,29
685,14.434974670410156,-35.1112174987793,13
686,-23.245044708251953,19.964290618896484,8
687,-33.34702682495117,3.525947332382202,9
688,-18.990812301635742,13.075905799865723,2
689,19.771522521972656,-2.0623862743377686,15
690,-18.294784545898438,-0.25286582112312317,1
691,-12.979874610900879,19.521907806396484,7
692,-29.89149284362793,9.632194519042969,18
693,-6.7701897621154785,11.687313079833984,34
694,33.17739486694336,-14.56299114227295,37
695,-13.804351806640625,9.128226280212402,0
696,12.683512687683105,-8.25754165649414,30
697,8.772542953491211,23.755718231201172,17
698,-4.19373083114624,-20.681800842285156,11
699,-35.58306884765625,-14.33261775970459,29
700,-12.143367767333984,-18.92066192626953,20
701,14.207466125488281,31.436145782470703,21
702,5.3016180992126465,-6.210318565368652,16
703,12.391953468322754,-21.900196075439453,17
704,-36.03358840942383,-21.70001792907715,28
705,-38.84141540527344,-23.691444396972656,28
706,-19.488563537597656,10.042019844055176,0
707,18.9587345123291,-8.474858283996582,17
708,28.918115615844727,9.711095809936523,4
709,-6.369439125061035,0.5160664319992065,10
710,14.535735130310059,-17.367374420166016,15
711,-37.890987396240234,-22.01343536376953,28
712,-20.791566848754883,17.631086349487305,7
713,-23.281953811645508,5.692453384399414,25
714,-14.191532135009766,10.577533721923828,2
715,14.771592140197754,-21.83449935913086,15
716,19.366418838500977,-21.86427879333496,12
717,11.073697090148926,23.753795623779297,24
718,9.149226188659668,-15.796987533569336,26
719,-32.402957916259766,-5.06704568862915,34
720,32.22044372558594,-15.159494400024414,37
721,42.99188995361328,-20.38503074645996,37
722,34.555686950683594,10.7689208984375,5
723,4.303611755371094,31.24928092956543,32
724,44.74473190307617,-18.704952239990234,37
725,33.0363655090332,8.370235443115234,5
726,-36.67759704589844,6.058873653411865,11
727,34.8841667175293,-15.23193645477295,38
728,-7.416945934295654,0.7033845782279968,10
729,16.511653900146484,-33.21065902709961,14
730,-6.077831745147705,24.383981704711914,31
731,-21.401588439941406,28.824817657470703,6
732,-8.69422721862793,-1.615058183670044,10
733,-1.0595602989196777,17.98285675048828,35
734,-35.79566955566406,3.7970314025878906,9
735,-8.375862121582031,-8.666619300842285,25
736,-4.8163604736328125,-18.906906127929688,11
737,-7.296072006225586,-11.128602981567383,11
738,-19.22097396850586,15.408961296081543,0
739,-14.128703117370605,19.186832427978516,8
740,10.953898429870605,23.71604347229004,24
741,15.475939750671387,-30.14684295654297,14
742,33.32890319824219,-17.922033309936523,38
743,38.35622024536133,6.319822311401367,3
744,2.407435417175293,-17.622526168823242,26
745,13.735434532165527,24.5203800201416,23
746,-6.47470235824585,-20.069122314453125,10
747,-9.79665470123291,-18.482946395874023,19
748,-4.502766132354736,-26.696338653564453,16
749,-35.64200210571289,-9.355378150939941,27
750,7.493871212005615,-3.761711597442627,22
751,-32.37158966064453,-8.47647476196289,29
752,9.146615028381348,27.81507682800293,24
753,11.807147026062012,33.17537307739258,21
754,32.76850128173828,14.21253490447998,4
755,3.0940675735473633,13.629616737365723,33
756,-12.97380542755127,18.126916885375977,7
757,1.858466625213623,-22.75955581665039,16
758,14.568869590759277,-16.934185028076172,15
759,4.635872840881348,-3.7739949226379395,26
760,6.778448581695557,-26.196910858154297,22
761,-25.00218391418457,-24.01530647277832,1
762,-5.463447093963623,-27.225318908691406,16
763,34.58283233642578,12.604430198669434,5
764,7.5539164543151855,-3.811598777770996,22
765,11.735306739807129,7.370590686798096,30
766,11.230424880981445,-13.472487449645996,30
767,11.906693458557129,-24.332244873046875,17
768,13.240368843078613,-21.473146438598633,17
769,16.048778533935547,21.028945922851562,30
770,-2.3352229595184326,31.178123474121094,12
771,-38.63010025024414,7.664879322052002,19
772,13.20656967163086,16.071781158447266,23
773,-16.71391487121582,-3.5677378177642822,27
774,34.003963470458984,15.245601654052734,4
775,16.15853500366211,-34.31706237792969,14
776,-21.35348129272461,28.750593185424805,6
777,9.848423957824707,10.138200759887695,32
778,17.601682662963867,-22.0926456451416,12
779,-31.86968421936035,3.2658345699310303,9
780,12.010000228881836,19.945703506469727,24
781,-10.797119140625,-17.784799575805664,19
782,-22.882291793823242,28.7581787109375,6
783,14.145307540893555,-21.465700149536133,15
784,46.75178146362305,4.159875869750977,3
785,-34.07415008544922,-17.45159149169922,27
786,-9.867096900939941,0.57562255859375,18
787,16.79519271850586,11.446708679199219,15
788,-44.027347564697266,6.46287727355957,25
789,-15.350153923034668,5.986476898193359,2
790,13.854354858398438,-34.84823989868164,13
791,-41.095985412597656,3.6653242111206055,19
792,39.08607482910156,-17.66578483581543,38
793,17.675437927246094,-28.757068634033203,14
794,15.878361701965332,-37.586421966552734,14
795,-33.89456558227539,-8.833416938781738,29
796,-33.499019622802734,-7.6758246421813965,29
797,19.77201271057129,21.702625274658203,21
798,38.922569274902344,-15.164989471435547,37
799,-13.296467781066895,25.56063461303711,6
800,-37.80138397216797,-23.38237190246582,28
801,-23.972354888916016,-14.56175422668457,29
802,-2.399207353591919,19.16069984436035,35
803,-3.904371976852417,-27.38810920715332,16
804,12.429557800292969,-11.872916221618652,21
805,4.728571891784668,-5.5982747077941895,26
806,47.13809585571289,-13.208685874938965,36
807,-0.05713813751935959,18.849401473999023,35
808,-21.071990966796875,18.667264938354492,7
809,14.984373092651367,25.702749252319336,15
810,-9.873170852661133,-16.975391387939453,19
811,30.4367618560791,-15.814108848571777,37
812,37.52739715576172,11.303227424621582,5
813,-9.624789237976074,14.175698280334473,34
814,-33.224796295166016,10.88160514831543,18
815,37.38457489013672,9.399130821228027,5
816,10.684542655944824,7.709537029266357,32
817,8.064733505249023,30.85501480102539,30
818,-39.18012237548828,8.554815292358398,25
819,-21.30636978149414,21.277172088623047,7
820,4.300865650177002,16.80951499938965,33
821,-39.21366500854492,-3.176231861114502,19
822,-3.302593469619751,13.47664737701416,35
823,-4.545464515686035,-27.345022201538086,16
824,-11.84267807006836,-18.891611099243164,20
825,-5.823855400085449,21.977340698242188,31
826,-32.006072998046875,-7.33982515335083,29
827,-15.338067054748535,-2.357520341873169,34
828,-21.348997116088867,-3.630388021469116,2
829,-44.66577911376953,7.3347272872924805,25
830,-40.25108337402344,7.80588436126709,25
831,-32.01007843017578,-6.451688766479492,29
832,-23.30361557006836,23.64539909362793,8
833,-22.859630584716797,27.82842254638672,6
834,1.9886558055877686,15.803201675415039,35
835,-34.72254943847656,-10.247995376586914,29
836,-10.026432037353516,-4.003878116607666,11
837,1.4331523180007935,-24.799121856689453,22
838,5.403510093688965,16.098146438598633,33
839,-21.825096130371094,1.648025631904602,34
840,-28.027921676635742,-21.92197036743164,1
841,-0.4389064311981201,-26.075960159301758,16
842,-6.169193744659424,-8.315729141235352,18
843,2.5675833225250244,32.98523712158203,23
844,-20.72258949279785,19.592144012451172,7
845,-15.441373825073242,9.09603500366211,0
846,-21.091632843017578,29.47475242614746,6
847,2.4170589447021484,-25.312610626220703,22
848,-25.933921813964844,-16.59755516052246,28
849,16.745656967163086,-34.71368408203125,14
850,-26.779762268066406,-21.95309829711914,1
851,-33.27113342285156,10.21782398223877,20
852,-16.516769409179688,6.756188869476318,0
853,4.233922481536865,31.24075698852539,32
854,34.46278762817383,16.18495750427246,4
855,12.806608200073242,-11.88631534576416,21
856,34.9911003112793,15.642023086547852,4
857,44.22807312011719,-15.928376197814941,36
858,-9.498811721801758,-18.929983139038086,20
859,-40.17375946044922,7.805415153503418,25
860,-14.629303932189941,9.892566680908203,0
861,11.456934928894043,-3.6190414428710938,24
862,-15.233343124389648,6.843270301818848,2
863,12.896065711975098,-12.392722129821777,21
864,14.330880165100098,-25.82306480407715,17
865,38.21604537963867,-13.132905006408691,38
866,13.48658561706543,12.009225845336914,23
867,-1.3831030130386353,19.608869552612305,35
868,44.03712844848633,-13.94389820098877,36
869,6.228824138641357,-25.238656997680664,22
870,12.310333251953125,-2.230567455291748,32
871,36.174156188964844,-18.964799880981445,36
872,15.320446014404297,21.4794864654541,32
873,4.243861675262451,-24.486181259155273,23
874,-9.549210548400879,0.5296022891998291,18
875,-32.78019332885742,-13.832633018493652,27
876,-22.94322395324707,24.302797317504883,8
877,5.250402927398682,14.855224609375,33
878,16.951457977294922,-3.7320523262023926,15
879,-10.910152435302734,-10.3997220993042,20
880,-30.718406677246094,-13.38073444366455,27
881,19.924375534057617,10.998982429504395,12
882,30.059612274169922,10.680316925048828,4
883,17.117979049682617,-31.41997528076172,14
884,-19.019765853881836,29.098180770874023,7
885,10.688000679016113,11.45656967163086,32
886,45.497188568115234,-13.051076889038086,36
887,-16.61648178100586,6.3239006996154785,0
888,16.660757064819336,20.09303092956543,30
889,10.73487663269043,15.894662857055664,24
890,15.483315467834473,21.712963104248047,30
891,-3.2822787761688232,14.376155853271484,35
892,31.8896427154541,12.319417953491211,4
893,-5.096267223358154,26.947538375854492,31
894,31.581619262695312,-14.074216842651367,37
895,13.204437255859375,-29.625198364257812,13
896,-5.751695156097412,21.815649032592773,31
897,32.32068634033203,-15.228765487670898,37
898,-28.010908126831055,-21.940439224243164,1
899,-24.8406982421875,3.4567689895629883,20
900,13.242327690124512,-11.220386505126953,21
901,14.055756568908691,22.399089813232422,32
902,-21.941085815429688,27.005231857299805,6
903,-31.441293716430664,4.263737678527832,9
904,13.065807342529297,17.170713424682617,23
905,-35.16579818725586,-17.22042465209961,29
906,-5.1776204109191895,26.934036254882812,31
907,34.44739532470703,8.830606460571289,3
908,-8.167732238769531,-0.8968158960342407,11
909,33.600074768066406,-17.691083908081055,38
910,42.19390869140625,7.815545082092285,3
911,-26.35780143737793,-21.752769470214844,1
912,-26.521337509155273,-16.73615837097168,28
913,-21.72391700744629,2.332976818084717,34
914,13.032822608947754,-34.715877532958984,13
915,19.90048599243164,9.814973831176758,12
916,13.893424034118652,-33.548133850097656,13
917,43.386924743652344,-15.186379432678223,36
918,-13.861701965332031,17.846817016601562,8
919,42.31315994262695,7.197855472564697,3
920,19.805967330932617,20.891864776611328,21
921,17.47665023803711,-30.39039421081543,14
922,-16.90015411376953,0.8303200006484985,0
923,10.730399131774902,16.082874298095703,24
924,-5.487657070159912,-20.79624366760254,11
925,4.921759128570557,-19.868999481201172,31
926,-10.611725807189941,-21.09431266784668,10
927,-17.395530700683594,1.5092360973358154,0
928,-24.255393981933594,27.16345977783203,8
929,-24.983909606933594,-23.01754379272461,1
930,4.714028358459473,-5.570950984954834,26
931,9.917376518249512,7.001479148864746,32
932,10.27479076385498,-2.4950308799743652,24
933,13.792816162109375,24.544652938842773,23
934,-0.6025427579879761,20.83131980895996,35
935,46.097625732421875,4.2713212966918945,3
936,12.600966453552246,32.6860237121582,21
937,37.90340805053711,-16.563081741333008,38
938,3.879018545150757,19.97425079345703,33
939,-8.258808135986328,1.1495822668075562,16
940,1.9294673204421997,29.207626342773438,24
941,-32.16881561279297,11.39321517944336,11
942,13.471024513244629,-36.83246612548828,13
943,-34.92026138305664,5.183793544769287,9
944,-9.525369644165039,8.547492980957031,34
945,-31.460765838623047,9.818485260009766,11
946,39.84047317504883,-19.511865615844727,36
947,-22.266416549682617,-6.419610500335693,2
948,-16.89963150024414,7.877579689025879,1
949,-25.50532341003418,-14.54157543182373,1
950,-35.555206298828125,-13.197677612304688,29
951,-10.155891418457031,-5.76784086227417,10
952,-31.721277236938477,10.864914894104004,11
953,-1.3623307943344116,14.967422485351562,35
954,-14.28801155090332,15.120046615600586,7
955,-0.32366546988487244,18.028108596801758,35
956,-15.28141975402832,8.345887184143066,2
957,7.72444486618042,-9.817710876464844,23
958,-43.97182083129883,6.428947448730469,25
959,-13.480598449707031,20.320222854614258,8
960,-5.2932915687561035,26.94532585144043,31
961,-41.3293342590332,4.773876190185547,20
962,-9.15112590789795,-7.4785895347595215,16
963,-13.331683158874512,25.073287963867188,6
964,0.8129201531410217,25.47414779663086,26
965,12.705683708190918,-21.850311279296875,17
966,-11.119893074035645,-5.315640926361084,19
967,38.486228942871094,10.064284324645996,5
968,-21.536714553833008,29.168964385986328,6
969,35.133060455322266,-15.046088218688965,38
970,12.497230529785156,-5.105984210968018,30
971,-33.29490280151367,-6.552392959594727,29
972,4.9715423583984375,7.381769180297852,26
973,6.807713508605957,34.169410705566406,12
974,-12.323464393615723,-18.430253982543945,20
975,-13.414551734924316,21.969615936279297,8
976,8.512802124023438,28.660520553588867,32
977,-1.9615215063095093,-16.42556381225586,18
978,11.13953685760498,7.634157657623291,30
979,-23.743743896484375,24.3083553314209,8
980,-13.33627986907959,20.636383056640625,6
981,46.472267150878906,4.2075276374816895,3
982,42.40400695800781,-15.13535213470459,36
983,3.788729190826416,18.676830291748047,33
984,41.41445541381836,-12.705570220947266,38
985,-4.944457054138184,-27.11648178100586,16
986,-32.7766227722168,8.614547729492188,10
987,15.093953132629395,-29.742237091064453,14
988,-10.718161582946777,-18.981847763061523,19
989,-0.6125149130821228,-25.254512786865234,16
990,-4.167660713195801,12.384780883789062,33
991,-4.212270259857178,25.125423431396484,31
992,44.55624771118164,6.355495452880859,5
993,-30.55536651611328,8.069962501525879,11
994,-10.008586883544922,14.109482765197754,34
995,-0.47172605991363525,17.833559036254883,35
996,5.676275730133057,16.70645523071289,33
997,37.59036636352539,-17.404949188232422,38
998,-25.091453552246094,3.248364210128784,18
999,37.94107437133789,12.58855152130127,5
1000,1.1467088460922241,25.185043334960938,31
1001,-23.51683235168457,24.750694274902344,8
1002,-5.748848915100098,-18.061126708984375,25
1003,0.09318382292985916,-23.752243041992188,16
1004,0.9705262780189514,-17.035144805908203,26
1005,12.286330223083496,-21.322301864624023,17
1006,12.68327808380127,32.644222259521484,21
1007,18.97011375427246,0.6824406385421753,15
1008,36.5664176940918,-14.34658432006836,38
1009,12.124419212341309,-13.40642261505127,21
1010,10.78545093536377,7.464271545410156,30
1011,41.66500473022461,7.242771625518799,3
1012,-25.170787811279297,-23.375688552856445,1
1013,-22.496227264404297,-5.871000289916992,2
1014,-26.000600814819336,-24.521326065063477,1
1015,-44.004817962646484,6.553672790527344,25
1016,-19.47149658203125,31.09447479248047,6
1017,-37.45375442504883,-21.913875579833984,28
1018,-24.889596939086914,-15.141258239746094,29
1019,-4.536328315734863,-17.0687255859375,11
1020,34.100120544433594,-15.69746208190918,37
1021,8.097199440002441,-15.006945610046387,26
1022,-2.0240304470062256,-25.01296043395996,16
1023,44.85911178588867,-13.83969497680664,36
1024,-13.903190612792969,26.075546264648438,6
1025,15.480168342590332,-33.687217712402344,14
1026,-2.173701047897339,17.414318084716797,35
1027,-18.94078254699707,13.408151626586914,0
1028,-14.387263298034668,17.974519729614258,8
1029,-6.115432262420654,24.316486358642578,31
1030,9.873210906982422,26.101823806762695,24
1031,-9.085922241210938,-18.108394622802734,19
1032,8.430814743041992,6.522024631500244,24
1033,-3.177151679992676,-15.678548812866211,18
1034,-32.92955017089844,-15.348194122314453,27
1035,-34.80142593383789,5.032536029815674,9
1036,10.019697189331055,-14.212654113769531,30
1037,15.128959655761719,15.943806648254395,14
1038,8.716679573059082,-16.03936004638672,26
1039,-21.976993560791016,26.57887077331543,8
1040,16.386171340942383,5.270328044891357,21
1041,-44.66223907470703,5.586894989013672,20
1042,12.43437671661377,-6.826632022857666,30
1043,-23.20697784423828,-6.392620086669922,1
1044,-6.947075843811035,-18.694520950317383,10
1045,-24.65609359741211,25.08126449584961,8
1046,13.75507926940918,-1.7730467319488525,30
1047,14.456449508666992,-25.52872085571289,17
1048,-23.981271743774414,-23.379329681396484,1
1049,33.65544891357422,-13.898405075073242,37
1050,43.91043472290039,-19.631921768188477,37
1051,3.326568126678467,21.44333839416504,33
1052,11.464469909667969,26.580286026000977,23
1053,-24.08025360107422,-13.57702922821045,1
1054,45.819515228271484,-13.660760879516602,36
1055,-24.212011337280273,-15.57681655883789,28
1056,31.883474349975586,-13.707846641540527,37
1057,15.976454734802246,-32.336734771728516,14
1058,12.809917449951172,-30.87249755859375,13
1059,14.532196998596191,-17.664722442626953,17
1060,-3.587918758392334,-15.786543846130371,18
1061,-33.365108489990234,-18.18851089477539,27
1062,-37.71001434326172,-5.772205829620361,19
1063,15.479313850402832,22.22643280029297,30
1064,-30.20789337158203,8.775458335876465,19
1065,-20.204023361206055,1.3798712491989136,18
1066,33.60302734375,14.016709327697754,4
1067,-17.69161033630371,6.014908790588379,0
1068,20.111690521240234,-7.43073034286499,14
1069,-35.18638610839844,-10.324518203735352,29
1070,-1.5220609903335571,19.583450317382812,34
1071,5.4393720626831055,16.786142349243164,33
1072,5.227412700653076,-2.5243234634399414,31
1073,-15.150382041931152,7.967471122741699,2
1074,13.450119972229004,-32.12834167480469,13
1075,-30.527809143066406,1.7181522846221924,9
1076,31.85791015625,10.635555267333984,4
1077,-42.80996322631836,5.979329586029053,25
1078,19.311601638793945,7.736837387084961,12
1079,16.279489517211914,21.350202560424805,30
1080,36.450706481933594,11.904839515686035,4
1081,7.630575180053711,-0.21833518147468567,23
1082,44.70832443237305,6.4228925704956055,5
1083,-17.27186393737793,5.773473262786865,0
1084,-4.501465797424316,16.88871955871582,34
1085,-3.8370814323425293,-13.104941368103027,11
1086,4.5626749992370605,-18.972219467163086,31
1087,-9.855331420898438,-20.97123908996582,10
1088,40.040557861328125,-19.447052001953125,36
1089,-3.181635856628418,-27.932815551757812,16
1090,-7.07151985168457,27.074356079101562,18
1091,3.144996166229248,-26.891910552978516,22
1092,-31.99064826965332,-9.190287590026855,27
1093,-34.568363189697266,-9.033853530883789,29
1094,-7.460793495178223,15.708748817443848,34
1095,31.428543090820312,-15.185577392578125,37
1096,36.69947814941406,-15.29100227355957,38
1097,-21.603227615356445,21.67620086669922,7
1098,-38.630287170410156,0.11622022837400436,9
1099,-33.06734085083008,-6.869828701019287,29
1100,-7.778351783752441,-5.751204490661621,11
1101,4.913479804992676,-18.87518882751465,31
1102,-11.405965805053711,-17.648103713989258,20
1103,-19.37294578552246,10.718856811523438,2
1104,-24.6224308013916,25.93898582458496,8
1105,33.19951629638672,7.663841247558594,5
1106,-41.29530715942383,-2.742316961288452,19
1107,12.492849349975586,-27.160364151000977,17
1108,8.749506950378418,22.07115364074707,31
1109,13.062067031860352,-26.489286422729492,17
1110,12.003480911254883,-26.202665328979492,17
1111,-1.9567145109176636,-17.818828582763672,10
1112,7.201235771179199,25.996232986450195,31
1113,-15.362584114074707,-2.4452009201049805,34
1114,-14.951568603515625,-1.8751946687698364,34
1115,-19.280485153198242,16.394914627075195,0
1116,14.683167457580566,21.81896209716797,32
1117,-9.34099006652832,8.90889835357666,34
1118,-18.217863082885742,13.210288047790527,0
1119,12.841499328613281,-22.29700469970703,17
1120,35.103843688964844,-12.609704971313477,38
1121,9.617477416992188,-8.155254364013672,24
1122,-3.196812391281128,13.323664665222168,35
1123,-8.165611267089844,-23.217493057250977,11
1124,14.975247383117676,-36.68083572387695,14
1125,32.8950309753418,-15.654462814331055,37
1126,44.446537017822266,7.421379566192627,3
1127,43.97285079956055,7.713603973388672,3
1128,20.707216262817383,-2.52417254447937,17
1129,20.457773208618164,5.300991058349609,12
1130,-13.865384101867676,26.414594650268555,6
1131,-41.0443115234375,3.508401870727539,19
1132,31.94645881652832,12.035913467407227,4
1133,4.632464408874512,34.54648208618164,23
1134,-35.344608306884766,0.5667358636856079,9
1135,39.79560089111328,6.80761194229126,3
1136,45.284358978271484,-12.643441200256348,36
1137,34.16026306152344,-16.889019012451172,38
1138,12.442898750305176,-23.38262367248535,17
1139,44.47323989868164,-19.710506439208984,37
1140,-38.12301254272461,-23.731306076049805,28
1141,46.46432876586914,4.235818862915039,3
1142,-12.279810905456543,-21.4405460357666,11
1143,13.04911994934082,-2.5366196632385254,30
1144,46.14858627319336,-14.147272109985352,36
1145,-24.99522590637207,25.416587829589844,8
1146,-14.456707000732422,18.514785766601562,8
1147,33.06398010253906,-14.702710151672363,37
1148,-21.718952178955078,20.497699737548828,7
1149,-13.728802680969238,-18.46883201599121,20
1150,19.94396209716797,11.030058860778809,12
1151,-15.816719055175781,-2.866231679916382,34
1152,-34.30717086791992,-9.114216804504395,29
1153,34.515438079833984,-17.674240112304688,38
1154,-10.496987342834473,-10.519250869750977,20
1155,-8.536134719848633,3.0709660053253174,11
1156,12.753437042236328,-26.295209884643555,17
1157,18.516075134277344,-33.207027435302734,14
1158,-21.37374496459961,25.55353355407715,8
1159,10.6360445022583,28.833961486816406,15
1160,-17.204330444335938,30.94673728942871,6
1161,-8.387542724609375,15.172608375549316,34
1162,-2.5517990589141846,-24.944265365600586,16
1163,4.103872776031494,18.8885498046875,33
1164,-16.47283935546875,5.435730457305908,0
1165,44.30394744873047,-13.776416778564453,36
1166,0.13500583171844482,18.707433700561523,35
1167,8.588789939880371,-16.227632522583008,26
1168,-18.591537475585938,12.855134010314941,2
1169,32.51647186279297,-18.58654022216797,38
1170,-37.79442596435547,-5.643783092498779,19
1171,41.31644058227539,-16.223392486572266,36
1172,-7.671097755432129,15.617566108703613,34
1173,-14.472305297851562,14.72730827331543,8
1174,-31.321971893310547,10.317317008972168,11
1175,-5.427829742431641,16.82804298400879,34
1176,13.076045036315918,13.889259338378906,23
1177,-32.85026168823242,-6.533576011657715,29
1178,14.02050495147705,-36.0755615234375,13
1179,19.32847023010254,7.59288215637207,12
1180,-8.332635879516602,-22.993101119995117,11
1181,-8.289983749389648,-8.68807315826416,25
1182,14.442873001098633,-24.425947189331055,17
1183,1.285960078239441,29.52751922607422,32
1184,8.347774505615234,28.059612274169922,32
1185,-24.41880226135254,-13.465716361999512,1
1186,-2.209279775619507,14.039972305297852,35
1187,17.904558181762695,19.533130645751953,30
1188,15.845728874206543,10.309212684631348,17
1189,39.5554313659668,-13.296252250671387,38
1190,-26.37459373474121,-17.25381088256836,28
1191,-23.963247299194336,23.494152069091797,8
1192,-21.628021240234375,-4.301960468292236,2
1193,-2.5473556518554688,19.101253509521484,34
1194,4.303260803222656,15.366743087768555,33
1195,-35.45758819580078,3.581973075866699,9
1196,15.726648330688477,3.7502238750457764,21
1197,-34.37619400024414,-14.11901569366455,27
1198,-17.548046112060547,2.3351709842681885,0
1199,-27.390172958374023,-9.219295501708984,20
1200,-17.1788387298584,5.0099992752075195,0
1201,-33.32701110839844,-9.898154258728027,27
1202,-4.125255107879639,25.87131690979004,31
1203,-11.107330322265625,-16.110355377197266,20
1204,1.9062305688858032,32.359432220458984,23
1205,3.851947784423828,20.059459686279297,33
1206,-33.477725982666016,-11.183116912841797,27
1207,11.732404708862305,-12.247209548950195,30
1208,37.591766357421875,9.676614761352539,5
1209,-1.7496750354766846,19.603046417236328,35
1210,-13.84813117980957,26.007875442504883,6
1211,13.18401050567627,15.943239212036133,23
1212,-26.395727157592773,-21.1522216796875,1
1213,-16.35927391052246,3.711642265319824,2
1214,15.480864524841309,-30.236473083496094,14
1215,-36.50434494018555,-20.638118743896484,28
1216,-41.756752014160156,-2.2472565174102783,19
1217,44.900146484375,4.556021213531494,3
1218,-9.082864761352539,-0.09710287302732468,18
1219,19.85573387145996,9.561464309692383,12
1220,31.979759216308594,-16.461423873901367,37
1221,38.08393859863281,-15.876294136047363,38
1222,-8.46762466430664,-17.649038314819336,19
1223,-25.790239334106445,-16.426212310791016,28
1224,45.010704040527344,-14.22702407836914,36
1225,-24.879810333251953,-13.42829704284668,0
1226,-19.170808792114258,29.871288299560547,6
1227,4.268630504608154,18.178852081298828,33
1228,16.61914825439453,-4.879484176635742,15
1229,42.62482833862305,-18.944028854370117,37
1230,43.138275146484375,-15.0556058883667,36
1231,18.216278076171875,15.353758811950684,15
1232,12.551492691040039,-33.28729248046875,13
1233,-8.51767349243164,-0.6296578645706177,10
1234,-1.2593121528625488,14.393662452697754,35
1235,-5.048309803009033,17.066679000854492,34
1236,15.755780220031738,19.069684982299805,24
1237,-8.895624160766602,9.637693405151367,34
1238,-8.551444053649902,10.62624454498291,35
1239,12.174424171447754,-8.112735748291016,30
1240,5.1646294593811035,15.144429206848145,33
1241,7.5762481689453125,4.796942234039307,17
1242,4.110141754150391,13.459893226623535,33
1243,1.3510795831680298,21.160520553588867,33
1244,41.71133041381836,-16.03797721862793,36
1245,-21.985984802246094,2.7043004035949707,34
1246,37.387542724609375,-14.30827808380127,38
1247,15.549261093139648,-35.77726364135742,14
1248,17.0313720703125,-5.874357223510742,17
1249,42.503108978271484,-19.01380157470703,37
1250,-31.779376983642578,9.08122730255127,11
1251,-14.298176765441895,16.983293533325195,6
1252,-7.027612209320068,-17.937320709228516,11
1253,9.217893600463867,6.31567907333374,24
1254,-31.99967384338379,-9.813665390014648,27
1255,22.943862915039062,-2.026813507080078,14
1256,-16.03832244873047,-7.105855464935303,20
1257,-11.897336959838867,-5.580211639404297,20
1258,4.686772346496582,-5.399348258972168,26
1259,13.009668350219727,-11.678144454956055,21
1260,2.957167863845825,-17.776350021362305,26
1261,-15.991293907165527,7.488728046417236,2
1262,1.8964734077453613,24.892353057861328,33
1263,-28.350011825561523,7.560519695281982,20
1264,15.777316093444824,20.02550506591797,32
1265,44.19099807739258,8.40500259399414,3
1266,38.33597946166992,11.902922630310059,5
1267,-36.52834701538086,-22.346481323242188,28
1268,43.14133071899414,-13.483207702636719,36
1269,40.18254089355469,8.845636367797852,3
1270,37.88703918457031,11.006003379821777,5
1271,32.869991302490234,13.531516075134277,4
1272,12.621564865112305,-29.79856300354004,13
1273,19.64699935913086,23.20794105529785,21
1274,20.54747772216797,5.311372756958008,12
1275,18.99942398071289,23.479366302490234,21
1276,17.676321029663086,15.196309089660645,15
1277,-33.925636291503906,-18.632129669189453,27
1278,12.440984725952148,-5.6441779136657715,30
1279,-1.9393720626831055,-17.4594669342041,10
1280,-6.933413505554199,-9.476614952087402,10
1281,-42.20878601074219,5.249094486236572,25
1282,1.4940483570098877,18.381847381591797,35
1283,-24.13315773010254,26.027616500854492,8
1284,14.470623970031738,21.473596572875977,32
1285,33.47462844848633,-15.782196044921875,37
1286,12.371905326843262,-23.391984939575195,17
1287,-8.6912202835083,-8.616877555847168,25
1288,-3.2485897541046143,-25.989351272583008,16
1289,7.414764404296875,-16.77190399169922,32
1290,-39.21817398071289,-3.235543966293335,19
1291,7.560186862945557,-19.268268585205078,16
1292,14.967907905578613,-27.00599479675293,17
1293,-30.147417068481445,1.4173766374588013,9
1294,12.755331993103027,-12.538999557495117,21
1295,40.01420211791992,-19.159473419189453,36
1296,16.420658111572266,5.593219757080078,21
1297,-14.80733871459961,14.036434173583984,7
1298,5.348790168762207,-18.72085189819336,31
1299,12.878150939941406,-2.560429811477661,30
1300,-4.8843231201171875,-12.881046295166016,11
1301,8.203164100646973,28.756654739379883,32
1302,37.2845573425293,13.13280200958252,5
1303,-7.099310874938965,-8.61702823638916,25
1304,-0.317949116230011,21.009498596191406,35
1305,-35.051307678222656,9.230184555053711,25
1306,8.615788459777832,-2.4026498794555664,23
1307,-14.848125457763672,13.899526596069336,7
1308,-16.05485725402832,4.883155822753906,0
1309,-21.043075561523438,23.366966247558594,7
1310,43.923927307128906,-19.79050064086914,37
1311,-37.670989990234375,-23.79812240600586,28
1312,46.01230239868164,4.039051532745361,3
1313,14.50762939453125,-22.83917236328125,17
1314,-20.44384002685547,19.860063552856445,7
1315,-39.48822784423828,8.275423049926758,25
1316,-37.611228942871094,-21.430397033691406,28
1317,-9.864715576171875,9.579922676086426,34
1318,2.303175210952759,-24.355804443359375,22
1319,19.703371047973633,23.17318344116211,21
1320,4.9682817459106445,14.322887420654297,33
1321,-27.771657943725586,-17.796842575073242,29
1322,-7.719371795654297,-21.743261337280273,11
1323,11.937752723693848,-8.732794761657715,30
1324,1.0867239236831665,18.459749221801758,35
1325,5.9717607498168945,6.819751739501953,31
1326,3.7259681224823,-0.10227230936288834,26
1327,-32.64994812011719,-7.36932373046875,29
1328,9.018904685974121,7.636651992797852,24
1329,-39.01291275024414,4.948040008544922,11
1330,14.845919609069824,-21.07457160949707,15
1331,6.981909275054932,1.0465519428253174,22
1332,-26.209924697875977,-23.642345428466797,1
1333,-23.295820236206055,22.443294525146484,8
1334,-43.85672378540039,4.6195268630981445,18
1335,-4.882561683654785,11.525979042053223,33
1336,-5.262960910797119,-0.6036255955696106,10
1337,2.2285683155059814,-27.024396896362305,22
1338,14.677205085754395,16.37110137939453,13
1339,-16.755863189697266,4.4795966148376465,0
1340,16.57935905456543,-36.0588264465332,14
1341,35.126853942871094,11.885780334472656,4
1342,11.014228820800781,-3.0982911586761475,32
1343,-34.07123565673828,-7.7611589431762695,29
1344,-1.311009168624878,14.500486373901367,35
1345,44.30388641357422,-16.135862350463867,36
1346,33.167083740234375,-18.334089279174805,38
1347,-35.83810806274414,12.378952026367188,20
1348,-32.998416900634766,10.48458480834961,20
1349,14.240694046020508,-35.20766067504883,13
1350,36.348514556884766,-13.984259605407715,38
1351,37.63064193725586,10.81721305847168,5
1352,0.6443524360656738,-23.020811080932617,16
1353,3.665018320083618,20.00321388244629,33
1354,-8.221579551696777,1.9867396354675293,10
1355,-39.04331970214844,-3.1774325370788574,19
1356,2.604128837585449,17.007057189941406,35
1357,-18.09894371032715,30.36344337463379,8
1358,-18.296550750732422,-0.14221003651618958,1
1359,12.281243324279785,-30.78937530517578,13
1360,12.457392692565918,-7.0705976486206055,30
1361,37.78218460083008,12.548949241638184,5
1362,-35.619483947753906,9.395869255065918,25
1363,42.747989654541016,8.888108253479004,3
1364,4.49285888671875,31.155651092529297,32
1365,38.66266632080078,-14.711605072021484,38
1366,10.469175338745117,11.277231216430664,32
1367,17.022829055786133,12.820813179016113,15
1368,35.784576416015625,-15.671061515808105,38
1369,-8.023575782775879,0.08049744367599487,10
1370,-4.394786357879639,13.421514511108398,34
1371,-22.266508102416992,-7.403712272644043,2
1372,8.408509254455566,30.39246368408203,30
1373,-33.051334381103516,3.995854377746582,9
1374,-20.275802612304688,21.282520294189453,7
1375,-41.45382308959961,4.17367696762085,18
1376,-8.510241508483887,-21.69135284423828,11
1377,-8.502098083496094,-3.560234785079956,10
1378,-32.40132141113281,-10.905206680297852,27
1379,41.24736022949219,6.8557024002075195,3
1380,-19.92626190185547,29.302377700805664,6
1381,-8.260926246643066,2.300678014755249,10
1382,-32.130943298339844,6.670876979827881,16
1383,-13.999739646911621,18.076875686645508,8
1384,44.31744384765625,-20.191303253173828,37
1385,40.63133239746094,-15.000262260437012,36
1386,-31.168153762817383,0.6846855878829956,9
1387,-27.34316062927246,-24.295167922973633,1
1388,-13.988048553466797,26.891477584838867,6
1389,-12.9320650100708,17.922855377197266,7
1390,-31.18073272705078,3.0263166427612305,9
1391,13.819703102111816,-32.25868225097656,13
1392,-22.220712661743164,27.97407341003418,8
1393,1.6876429319381714,-22.051971435546875,16
1394,-17.022544860839844,3.458310127258301,2
1395,-21.24725341796875,24.11490821838379,7
1396,-24.764745712280273,-13.939130783081055,1
1397,-17.15235137939453,3.759918212890625,0
1398,40.34535598754883,7.910647392272949,3
1399,-17.207595825195312,0.690406084060669,0
1400,-4.293832778930664,-15.875371932983398,18
1401,9.213061332702637,28.071378707885742,24
1402,2.5319693088531494,-27.60099220275879,22
1403,2.9387264251708984,-22.132827758789062,16
1404,4.52362060546875,34.445289611816406,23
1405,-22.96097183227539,6.167984962463379,25
1406,-34.74360275268555,-10.056251525878906,29
1407,9.462846755981445,-1.027648687362671,24
1408,9.03422737121582,24.859487533569336,26
1409,-37.4600944519043,9.137218475341797,25
1410,10.990509986877441,-29.484737396240234,13
1411,-38.18424987792969,1.8851081132888794,9
1412,-20.01951026916504,28.802291870117188,8
1413,2.6758251190185547,33.0089225769043,23
1414,13.086626052856445,17.360490798950195,23
1415,7.064364910125732,0.5933265089988708,22
1416,12.965888023376465,-0.16138942539691925,30
1417,36.04962158203125,10.426483154296875,5
1418,-8.12738037109375,-9.20495891571045,10
1419,18.89581298828125,-22.583879470825195,12
1420,18.984777450561523,0.659957230091095,15
1421,-9.407856941223145,-1.9336925745010376,25
1422,-2.973223924636841,-26.20046615600586,16
1423,43.134212493896484,7.775097846984863,3
1424,-7.100943088531494,-16.319995880126953,18
1425,34.684505462646484,11.109713554382324,5
1426,9.320831298828125,6.087806224822998,24
1427,-35.3683967590332,-16.3852596282959,29
1428,8.56302261352539,29.028432846069336,32
1429,20.56075096130371,6.4474968910217285,12
1430,10.676374435424805,33.71929931640625,21
1431,-32.48151779174805,-13.749147415161133,27
1432,15.67695426940918,11.138124465942383,15
1433,-23.272794723510742,5.718352794647217,25
1434,-35.98624801635742,-19.845870971679688,28
1435,-1.3249142169952393,26.498085021972656,31
1436,8.533623695373535,-16.210098266601562,26
1437,14.862287521362305,10.3229398727417,15
1438,33.62397003173828,13.215394020080566,4
1439,7.112275123596191,1.6201879978179932,23
1440,-22.94831085205078,6.171450614929199,25
1441,-6.639288902282715,16.080780029296875,34
1442,-33.98398208618164,-19.292016983032227,27
1443,-37.09208297729492,6.722023010253906,11
1444,-38.437007904052734,8.0226469039917,19
1445,35.97100830078125,13.839452743530273,4
1446,3.686671018600464,18.629623413085938,33
1447,-22.805118560791016,0.4146292209625244,31
1448,8.719637870788574,-2.3573150634765625,23
1449,34.21267318725586,14.809850692749023,4
1450,38.233787536621094,6.944120407104492,3
1451,0.11444240063428879,31.00457000732422,23
1452,14.089263916015625,26.296987533569336,15
1453,-6.953505039215088,-10.090099334716797,10
1454,31.275598526000977,13.183894157409668,4
1455,-35.1287727355957,-16.50333023071289,29
1456,13.102813720703125,12.859630584716797,23
1457,41.64346694946289,-13.479690551757812,38
1458,-10.334733963012695,-17.65526580810547,19
1459,0.02061343379318714,18.090564727783203,35
1460,7.215409755706787,25.721397399902344,31
1461,8.797076225280762,21.77368927001953,31
1462,5.89101505279541,5.318819999694824,26
1463,13.872513771057129,17.327945709228516,22
1464,-18.868179321289062,13.481654167175293,0
1465,-20.650497436523438,20.442655563354492,7
1466,5.219095230102539,17.883865356445312,33
1467,-6.741768836975098,-21.114234924316406,11
1468,-7.262385368347168,0.025457661598920822,11
1469,-25.554962158203125,2.7849788665771484,20
1470,-38.670745849609375,8.64831256866455,25
1471,8.428226470947266,7.043109893798828,24
1472,-37.91299819946289,8.058528900146484,18
1473,13.592676162719727,13.25454330444336,22
1474,-13.505455017089844,16.44814682006836,7
1475,16.900997161865234,-32.61808395385742,14
1476,6.169582366943359,-25.059751510620117,22
1477,-13.624076843261719,23.66584587097168,8
1478,16.284652709960938,6.235697269439697,21
1479,-16.597238540649414,1.7453229427337646,0
1480,-21.330066680908203,24.00942611694336,7
1481,-9.199004173278809,9.398860931396484,34
1482,-4.564160346984863,-20.1792049407959,11
1483,-33.991455078125,-12.613154411315918,27
1484,16.136568069458008,-34.8240966796875,14
1485,-35.54450988769531,-19.429096221923828,28
1486,5.680302619934082,-23.91107940673828,23
1487,-9.803950309753418,0.6446400284767151,18
1488,40.827144622802734,-14.986388206481934,36
1489,-3.74198055267334,-18.088218688964844,10
1490,8.493508338928223,-15.202853202819824,32
1491,-29.146926879882812,-22.35900115966797,1
1492,37.53673553466797,-18.65229034423828,36
1493,33.717750549316406,10.102458000183105,5
1494,32.098175048828125,10.18188762664795,4
1495,-2.4009385108947754,19.243040084838867,35
1496,17.56838607788086,-27.524883270263672,14
1497,23.600263595581055,-6.4304656982421875,13
1498,2.805541753768921,33.103553771972656,23
1499,-36.61844253540039,-21.085737228393555,28
1500,9.190518379211426,27.802204132080078,24
1501,-11.739004135131836,-17.9565486907959,20
1502,-35.02910614013672,9.219630241394043,25
1503,-3.5082638263702393,12.379308700561523,33
1504,4.44804048538208,34.08156967163086,23
1505,-38.74393081665039,-2.754807472229004,18
1506,-20.293703079223633,17.49582862854004,7
1507,43.86049270629883,4.425538063049316,3
1508,20.289812088012695,5.365827560424805,12
1509,-27.593019485473633,-17.175094604492188,29
1510,-12.96063232421875,17.59210777282715,7
1511,-34.131290435791016,12.835286140441895,31
1512,3.7893359661102295,-21.947202682495117,16
1513,39.937496185302734,-18.006372451782227,36
1514,-18.029306411743164,1.5945106744766235,0
1515,1.6447808742523193,-27.093477249145508,22
1516,-33.55799865722656,-13.455118179321289,27
1517,-29.895458221435547,-11.146838188171387,27
1518,-22.141355514526367,25.997230529785156,8
1519,1.815496802330017,-24.421934127807617,22
1520,1.8594619035720825,29.381681442260742,30
1521,-38.597633361816406,0.9000433087348938,9
1522,0.17790824174880981,20.941099166870117,35
1523,-36.922698974609375,-6.692237854003906,19
1524,-33.28497314453125,11.705595016479492,18
1525,43.34587478637695,7.928717136383057,3
1526,4.384955883026123,7.637472629547119,10
1527,38.841548919677734,11.578238487243652,5
1528,3.0524697303771973,18.121030807495117,35
1529,-8.340868949890137,-20.556659698486328,10
1530,30.290876388549805,11.446307182312012,4
1531,-13.355327606201172,19.68357276916504,8
1532,4.098134994506836,13.583535194396973,33
1533,2.9141955375671387,14.273224830627441,33
1534,38.98682403564453,-14.061779975891113,38
1535,-35.914207458496094,-20.525896072387695,28
1536,32.44059753417969,14.747475624084473,4
1537,34.72250747680664,16.485795974731445,4
1538,35.335487365722656,10.98903751373291,5
1539,-7.550792217254639,9.516347885131836,33
1540,38.52421569824219,10.724608421325684,5
1541,-27.329914093017578,-24.538475036621094,1
1542,-18.842092514038086,31.620136260986328,6
1543,11.538954734802246,-4.7829365730285645,32
1544,5.866546154022217,-17.02277946472168,24
1545,13.04816722869873,-29.64799690246582,13
1546,-27.228328704833984,-22.614360809326172,1
1547,-17.87055206298828,2.3789379596710205,0
1548,15.66689682006836,11.917900085449219,15
1549,-32.53468704223633,-9.48169231414795,27
1550,31.957483291625977,-14.549554824829102,37
1551,-3.806717872619629,-15.961118698120117,18
1552,9.224715232849121,20.80014991760254,26
1553,19.868366241455078,21.54214859008789,21
1554,17.7407169342041,15.167369842529297,15
1555,16.033185958862305,-35.72468566894531,14
1556,-4.236823081970215,26.929237365722656,31
1557,-27.478050231933594,-9.452415466308594,19
1558,33.19258117675781,10.517411231994629,5
1559,-1.2507081031799316,-25.270689010620117,16
